time,x_1,y_1,psi_1,phi_1,v_1,x_2,y_2,psi_2,phi_2,v_2,x_3,y_3,psi_3,phi_3,v_3,x_4,y_4,psi_4,phi_4,v_4
0.0,-1.8837296971927157e-35,40.0,-1.6736100819832318e-34,0.0,13.999999919962162,40.0,5.1161275729708584e-33,-1.5707963267949,0.0,13.999999919962162,-5.384939621116899e-33,-40.0,3.14159265358979,0.0,13.999999919962162,-40.0,-3.245081459823515e-33,1.5707963267949,0.0,13.999999919962162
0.1,1.2203617712901043,39.917746447502175,-0.06729917028093427,-0.6981317107964826,12.23130614335539,39.917732095860224,-1.3924190240718324,-1.6298104429932898,-0.6981317107761008,13.948472126540251,-1.3530794778422048,-39.91773490317014,3.0808689788123305,-0.6981317107939626,13.555779651182519,-39.91774186755528,1.268220037790983,1.506025965148572,-0.6981317107965933,12.708849139901908
0.2,2.4318393996477377,39.75365157969164,-0.13463082789663278,-0.6981317107964873,12.225404572662587,39.753403106243255,-2.77890780583122,-1.688767671599852,-0.6981317107728651,13.961930950886282,-2.6977666883754954,-39.75356310982582,3.0201046912350606,-0.6981317107940193,13.54671942538743,-39.75290903449577,2.5386418315043935,1.441770577769612,-0.6981317107965369,12.810704105537713
0.30000000000000004,3.629753965535398,39.50838920291761,-0.20195015041757983,-0.698131710796487,12.2276446653747,39.50750544232396,-4.154637172195409,-1.7476683972663603,-0.6981317107685064,13.975324506421218,-4.029209491478132,-39.50813250249681,2.9593046123464153,-0.6981317107940679,13.538744849311794,-39.505531120976485,3.80594717165464,1.3780204505466744,-0.6981317107964743,12.91223705354918
0.4,4.80947339030559,39.182892205523004,-0.2692125148825024,-0.6981317107964816,12.237999086832042,39.18081538923232,-5.514815411586621,-1.806513195748031,-0.6981317107623438,13.98860691313612,-5.34260330618823,-39.18237805461748,2.8984737140820904,-0.6981317107941089,13.53188557752304,-39.1759828494805,5.064835632921925,1.3147643401322036,-0.6981317107964047,13.013078886865728
0.5,5.96642159830267,38.77835078808547,-0.33637413089038387,-0.6981317107964713,12.256357184783806,38.77439039430685,-6.854704965338064,-1.8653028291496592,-0.6981317107530066,14.001733081131107,-6.633208508682989,-38.77751831868805,2.8376171187110026,-0.6981317107941426,13.526171647895069,-38.76498156112146,6.310046474626558,1.2519895918707462,-0.698131710796327,13.112864291723389
0.6000000000000001,7.096088179152312,38.29621127526874,-0.4033926398779793,-0.6981317107964559,12.282528622835237,38.289565372509706,-8.169638926369652,-1.9240382407125387,-0.6981317107372678,14.014658838640425,-7.896367231678952,-38.29505091353413,2.7767400824468926,-0.6981317107941694,13.521629918455142,-38.27358170971184,7.536385260078117,1.1896825015859824,-0.69813171079624,13.211285443393466
0.7000000000000001,8.194038900255617,37.7381752614781,-0.4702276585602863,-0.6981317107964349,12.3162493424687,37.72794804211437,-9.455037289164915,-1.9827205490869304,-0.6981317107052922,14.027341076900935,-9.127519545847575,-37.73674712391299,2.7158479637960196,-0.6981317107941892,13.518280741972944,-37.70316904308296,8.738744027759516,1.1278283716057778,-0.6981317107961427,13.308032222950928
0.8,9.255927315419981,37.10619876041859,-0.5368412489794451,-0.6981317107964082,12.357189422161094,37.09141331311315,-10.706422880729672,-2.041351042720384,-0.6981317106059913,14.039737746840336,-10.322219210661514,-37.10464563070392,2.6549461871627393,-0.6981317107942023,13.516136973350026,-37.05545154320656,9.912125585982466,1.0664117974634153,-0.6981317107960331,13.402843880400306
0.9,10.277507598505489,36.40249098015047,-0.6031983027243041,-0.6981317107963753,12.404962373175298,36.44715225857922,-11.954608813866317,-2.0472865568011582,-0.08478420527174105,14.046495755416599,-11.476149425214652,-36.401045171822595,2.5940402256374773,-0.6981317107942089,13.515208269932934,-36.332449988867296,11.05166353686973,1.0054167706021169,-0.6981317107959093,13.495473274729326
1.0,11.254648610668632,35.62951233115609,-0.6692668322324531,-0.6981317107963355,12.45913540119209,35.87765920575374,-13.237305644617017,-1.9886336101443642,0.6981317106007427,14.034363173419662,-12.585137989367853,-35.62849633385433,2.5331355777575912,-0.6981317107942089,13.515499777916812,-35.5364870406306,12.152641868763912,0.9448267949152951,-0.698131710795769,13.585692114375908
1.1,12.183349085164693,34.7899713015097,-0.7350181679581188,-0.6981317107962881,12.519240039990173,35.384845212504615,-14.550033530651046,-1.9299282818682708,0.698131710704023,14.021840587859794,-13.645171758356021,-34.78979259635282,2.472237733891525,-0.6981317107942023,13.517009842025935,-34.67017429127379,13.210514680400474,0.8846250542456383,-0.698131710795609,13.67330488688814
1.2000000000000002,13.059753693803106,33.886819904484156,-0.800427066407241,-0.6981317107962323,12.584782413660717,34.97035031627199,-15.88821454743141,-1.8711693487764287,0.6981317107367075,14.009048692449548,-14.652410616868215,-33.88796053165574,2.4113521459213834,-0.6981317107941892,13.51973073331248,-33.73639995936999,14.220922162770812,0.824794427287055,-0.6981317107954258,13.758116816455448
1.3,13.880169678518506,32.92324749772733,-0.8654717387002537,-0.6981317107961665,12.655252549987619,34.6355413809637,-17.247181637344866,-1.8123557601194706,0.6981317107526945,13.996030060806918,-15.603201011988883,-32.92624908904319,2.350484206116347,-0.6981317107941694,13.523650669496057,-32.738313851385485,15.179707954867121,0.7653176290420013,-0.6981317107952147,13.839964140406593
1.4000000000000001,14.64108371480242,31.902672847594996,-0.9301338104880476,-0.6981317107960895,12.730132705932853,34.381507264620595,-18.622194933912862,-1.7534866435252314,0.6981317107621475,13.982828390583274,-16.49408875368146,-31.908118163547762,2.2896392220219592,-0.6981317107941426,13.528752897988166,-31.67931306907141,16.082933333494363,0.7061772303164173,-0.6981317107949699,13.918687946563532
1.5,15.339178688323653,30.8287343626589,-0.9943982232372967,-0.6981317107959991,12.808904955078871,34.20905496627435,-20.00845835270942,-1.6945613105925268,0.6981317107683738,13.969488399717518,-17.321831088925524,-30.83722647669718,2.228822389560829,-0.6981317107941089,13.5350152512692,-30.56302639452636,16.92689105986987,0.6473557138626238,-0.6981317107946838,13.994143716840064
1.6,15.971350059661782,29.705278496355437,-1.0582530879150158,-0.6981317107958926,12.891057855239032,34.11870676869033,-21.401136382023015,-1.6355792617872675,0.6981317107727711,13.956055639540413,-18.08340806389476,-29.717418765116918,2.168038767635835,-0.6981317107940679,13.542410419558951,-29.39329768968284,17.708118316720846,0.5888355410915549,-0.6981317107943469,14.066205137782509
1.7000000000000002,16.534721483115813,28.53634642841542,-1.1216895045411928,-0.6981317107957667,12.97609163123911,34.110698386563136,-22.795371016173064,-1.5765401907472545,0.6981317107760324,13.942576337419904,-18.77603314407766,-28.55271229898347,2.1072932552651613,-0.6981317107940193,13.55090644182636,-28.17416941383839,18.423407900054244,0.5305991751406339,-0.6981317107939464,14.134754829811229
1.8,17.02665939316377,27.326159196427884,-1.1847013600976506,-0.6981317107956165,13.063521898048785,34.18497812717496,-24.18629877380944,-1.5174439880952486,0.6981317107785396,13.929097267334733,-19.397163020434974,-27.347282813957175,2.046590568984265,-0.6981317107939627,13.560466683246185,-26.909865548501145,19.06981842752577,0.47262910783998047,-0.6981317107934654,14.199686031503349
1.9000000000000001,17.44478635579641,26.079101429003643,-1.2472851125660178,-0.6981317107954359,13.152882696099491,34.34120706773661,-25.5690677403089,-1.4582907447414035,0.698131710780521,13.915665620382647,-19.94450659461271,-26.105449862705964,1.9859352228113119,-0.6981317107938978,13.57105031678419,-25.604774197584394,19.64468340133971,0.41490788008493845,-0.6981317107928807,14.260901697844373
2.0,17.78699301932436,24.799703850768715,-1.309439567576375,-0.6981317107952155,13.243728945264339,34.57876024972411,-26.938854571019814,-1.3990807545681718,0.6981317107821212,13.90232885476905,-20.416033094253166,-24.831661651317265,1.9253315098274089,-0.6981317107938241,13.582612588658945,-24.263429926749094,20.14561915262867,0.3574180966794016,-0.6981317107921606,14.318313726909725
2.1,18.051448513668202,23.492624820129958,-1.3711656567111046,-0.6981317107949426,13.335637595646503,34.8967288860468,-28.29088139191529,-1.33981451638118,0.698131710783436,13.889134523452618,-20.809979278580467,-23.53047943407951,1.8647834843413011,-0.6981317107937408,13.59510484917931,-22.890495884223093,20.570531699257653,0.30014243720214573,-0.69813171079126,14.371842461596604
2.2,18.236609219684674,22.162631123515077,-1.4324662226928013,-0.6981317107945976,13.428208071398931,35.293923572572176,-29.620432535497024,-1.2804927350477529,0.6981317107845318,13.876130088765715,-21.124855729231776,-22.206561467493295,1.8042949472127237,-0.6981317107936473,13.60847515860813,-21.490745772440896,20.917622532132718,0.2430636628642655,-0.6981317107901129,14.421416094476191
2.3000000000000003,18.341225883889383,20.814578159731376,-1.4933458115572558,-0.6981317107941494,13.521062974468167,35.76887849161688,-30.92287105136185,-1.2211163217834569,0.6981317107854558,13.863362733236567,-21.359452196953644,-20.864646553081958,1.7438694353326514,-0.698131710793543,13.622669122411969,-20.069045721272644,21.185393354243764,0.18616461992400077,-0.6981317107886209,14.46697013429499
2.4000000000000004,18.364349050624114,19.45338974806933,-1.5538104762920173,-0.6981317107935467,13.613847997105323,36.31985659131051,-32.19365493207968,-1.1616863935618236,0.6981317107862421,13.850879170053712,-21.512841929315197,-19.5095374309111,1.683510205879773,-0.6981317107934266,13.637628617118938,-18.630336106858245,21.372649796789077,0.12942824024466912,-0.69813171078663,14.508446953010331
2.5,18.305332825152455,18.08403780677233,-1.6138675963772389,-0.698131710792697,13.706230896941657,36.944855721028766,-33.428352996028494,-1.102204271616519,0.6981317107869167,13.838725451671905,-21.584385030723556,-18.146083882978328,1.6232202246999787,-0.6981317107932974,13.653292616543254,-17.179613360816013,21.478504134688873,0.07283753932595628,-0.6981317107838907,14.545795360641199
2.6,18.16383701842781,16.71152195041229,-1.673525708804432,-0.6981317107914146,13.797901432030818,37.64161569937016,-34.622660370050696,-1.0426714789973939,0.6981317107874991,13.826946774549038,-21.573730826930117,-16.779165549563146,1.5630021610515883,-0.6981317107931541,13.669598539404653,-15.721911805781964,21.502377024170563,0.016375612303961996,-0.6981317107799738,14.578970259935678
2.7,17.939827715966004,15.340849203579806,-1.7327943531983583,-0.6981317107892654,13.888570648193834,38.40762628759078,-35.772413516552575,-0.9830897371466687,0.6981317107880045,13.815587280883394,-21.480819192288404,-15.413674674914498,1.5028583816827799,-0.698131710792995,13.686482019132704,-14.262285551782895,21.443998282996844,-0.03997437169729432,-0.6981317107740923,14.607932361509565
2.8000000000000003,17.633576367297955,13.97701415565248,-1.7916839391560457,-0.6981317107849448,13.977968115988446,39.240136038117136,-36.87360475183936,-0.9234609614757959,0.6981317107884447,13.804689860311584,-21.305880845570112,-14.054498810208429,1.4427909457935373,-0.6981317107928188,13.703877029337031,-12.80579049138681,21.303406732458058,-0.09622917674624834,-0.6981317107646687,14.632647897906551
2.9000000000000004,17.24565742955023,12.624979230088567,-1.850205616372298,-0.6981317107718862,14.065843530367893,40.13616198465003,-37.92239620475709,-0.8637872559346058,0.6981317107888293,13.794295953666648,-21.049436611971974,-12.706503505890755,1.3828016021727876,-0.6981317107926234,13.721716311774308,-11.357466426770939,21.080949120194713,-0.15240550862196967,-0.6981317107481466,14.653088361841474
3.0,16.855652734925275,11.268988021332655,-1.850853240270712,-0.00931444196159463,14.109627280877493,41.092500137377634,-38.915133167034675,-0.8040709065689429,0.6981317107891658,13.784445359297445,-20.712295648536333,-11.37451506091395,1.3228917882471232,-0.6981317107924067,13.73993175666436,-9.922319355581392,20.77727814144223,-0.2085200243321511,-0.6981317107150127,14.669230311370855
3.1,16.54779140475726,9.900966253246219,-1.7921500321489479,0.6981317107720353,14.02234700958137,42.10573674400456,-39.84835678923831,-0.744314374068579,0.6981317107894602,13.775176042605501,-20.29555263757642,-10.063303403399901,1.2630626304767867,-0.6981317107921661,13.758454666075648,-8.50530394313666,20.393349574376487,-0.2645893423948938,-0.698131710631823,14.681055219959696
3.2,16.322677183830947,8.52593185293142,-1.733072073632604,0.6981317107850227,13.933398776007014,43.17226027476592,-40.71881607901255,-0.6845202853179991,0.6981317107897178,13.76652395059095,-19.800583959568325,-8.777565172602817,1.2033149457103356,-0.6981317107918984,13.777215939159223,-7.1113062110930505,19.930418544555174,-0.32063005379244036,-0.6981317102964893,14.688549333797825
3.3000000000000003,16.18060459614199,7.148938307244919,-1.6736084641816984,0.6981317107893186,13.843033789725826,44.288274087305325,-41.52347916117145,-0.624691423974577,0.6981317107899424,13.758522833386612,-19.22904285120627,-7.521907038642893,1.1436492445874207,-0.6981317107916002,13.796146519689387,-5.740712871813642,19.401319994544266,-0.3684109049123299,-0.6211058003845703,14.691737056252299
3.4000000000000004,16.121556158169284,5.775055059873546,-1.6137491177003993,0.6981317107914551,13.751515899837049,45.449809725176884,-42.259543762127926,-0.5648307201071769,0.6981317107901376,13.75120407392351,-18.58285357067879,-6.300829345882315,1.0840657358256767,-0.6981317107912672,13.815177588529442,-4.373038778523522,18.86463985464041,-0.37394058989760454,-0.08262725399271936,14.69203184730916
3.5,16.145200887344146,4.409346964764861,-1.5534848916383528,0.69813171079273,13.659127623179803,46.652740801775195,-42.924446884128315,-0.5049412389341226,0.6981317107903061,13.744596526241983,-17.864204581959125,-5.118710119039055,1.0245643323178184,-0.6981317107908944,13.83424098192687,-3.005960729070224,18.326441328762144,-0.3750508410041574,-0.016626248001488972,14.692038818878082
3.6,16.250894336611573,3.056853240575315,-1.4928077366579158,0.6981317107935745,13.566172559679991,47.892797419759525,-43.51587363783913,-0.4450261687061819,0.6981317107904501,13.738726363137337,-17.075540800311423,-3.9797895293555596,0.9651446571408792,-0.698131710790476,13.853269181271987,-1.6390001600319113,17.78794441534459,-0.37526911004764724,-0.003268915284303695,14.692039079260526
3.7,16.437680272677955,1.7225661755480568,-1.43171086212022,0.6981317107941734,13.472976500429446,49.16558107456235,-44.031765205006394,-0.38508880778938137,0.6981317107905717,13.733616934396855,-16.219554921924292,-2.888154856955324,0.9058060503252721,-0.6981317107900044,13.872195507505323,-0.27206304933771525,17.24938794812804,-0.37531267609866714,-0.0006524709834246957,14.692039112978895
3.8000000000000003,16.7042940654857,0.4114098234610832,-1.3701889132155558,0.6981317107946187,13.379887496288392,50.46657998935452,-44.47032590612822,-0.32513255101328664,0.6981317107906722,13.729288637285181,-15.299177841329147,-1.8477259665314,0.8465475783174946,-0.6981317107894711,13.890954778248885,1.094868230926,16.71081666631112,-0.37532351232344285,-0.00016228974246024888,14.692039172833459
3.9000000000000004,17.049167849451408,-0.8717812560515749,-1.3082381642945544,0.6981317107949615,13.287276897121098,51.79118482785174,-44.83002935130161,-0.26516087536146754,0.6981317107907529,13.725758801027496,-14.317568238992466,-0.8622414218052524,0.7873680423597845,-0.6981317107888654,13.909483093536041,2.4617984440744376,16.172242651902,-0.3753255090170837,-2.9903670900247576e-05,14.692039261499207
4.0,17.470437497130508,-2.1222829780051558,-1.245856725165473,0.6981317107952325,13.195539673179498,53.134704730566334,-45.10962365559793,-0.20517732509151534,0.6981317107908147,13.723041586999525,-13.278101361127552,0.06475474519272835,0.7282659873399491,-0.6981317107881742,13.92771798898572,3.8287288235372055,15.633669028583302,-0.37532521985864714,4.330608916119584e-06,14.692039375228065
4.1000000000000005,17.965951401902828,-3.3355021775958424,-1.1830447558331247,0.6981317107954512,13.105093880160396,54.49238361952327,-45.30813570347411,-0.1451854963822487,0.6981317107908586,13.721147906320848,-12.184357020686463,0.9299255755366872,0.6692397118093413,-0.698131710787381,13.945598760630418,5.195659080954233,15.095095059227935,-0.37532546944107315,-3.7378944502692623e-06,14.692039508213956
4.2,18.533281058006313,-4.506996358291033,-1.1198046892679303,0.6981317107956305,13.016380272937608,55.859416716053076,-45.42487444982463,-0.08518902161555168,0.6981317107908847,13.720085356539746,-11.040106871292927,1.7301529798192041,0.6102872785460932,-0.6981317107864659,13.963066650818012,6.562588903672954,14.556519947776241,-0.37532630114511406,-1.245609390807213e-05,14.692039650480814
4.3,19.169733384081397,-5.632492510323019,-1.0561414580031203,0.6981317107957794,12.929861374373635,57.230967216014854,-45.45943324830995,-0.025191553408844287,0.6981317107908935,13.71985817892497,-9.849301014949514,2.462548737783363,0.5514065248901885,-0.6981317107854026,13.980064856021444,7.929518312952709,14.017943748814401,-0.3753270929775555,-1.1858953158109393e-05,14.692039790451423
4.4,19.872364665187813,-6.707904713351182,-0.9920627162220793,0.6981317107959043,12.846019319661359,58.602183066630545,-45.41169120055908,0.03480325148028393,0.6981317107908852,13.72046723731799,-8.61605398585591,3.124464672317962,0.4925950732863306,-0.6981317107841583,13.996538640531826,9.296447408686426,13.479366719759685,-0.3753276968739829,-9.044311766713125e-06,14.692039916188463
4.5,20.637995959111755,-7.729350309554969,-0.927579050800182,0.6981317107960097,12.765353047369103,59.96821378895632,-45.28181352276116,0.09479174825568205,0.6981317107908596,13.721910018390494,-7.3446301599359085,3.713501964876986,0.43385034209232015,-0.6981317107826901,14.012435466906917,10.663376257071283,12.940789035632015,-0.37532817342064195,-7.137046127105213e-06,14.692040016236579
4.6000000000000005,21.46322977191464,-8.693164454583828,-0.8627041737933003,0.6981317107960991,12.68837480511544,61.3242272898181,-45.07025092908785,0.15477032007651065,0.6981317107908164,13.724180651540514,-6.039428638953125,4.22751958287283,0.37516955680445213,-0.6981317107809416,14.02770516508628,12.030304957612028,12.40221095831789,-0.37532845929795483,-4.281468784815882e-06,14.692040082048749
4.7,22.344467726134173,-9.59591283375542,-0.7974550845860323,0.6981317107961753,12.615605288902897,62.66542660680516,-44.77773803440135,0.21473539384464227,0.6981317107907551,13.727269945056197,-4.704967654289809,4.66464179328132,0.3165497620629053,-0.6981317107788373,14.042300190570568,13.397233656662175,11.863632869607763,-0.3753284668864757,-1.1365035046393187e-07,14.692040109955784
4.800000000000001,23.277928885735925,-10.434402381355195,-0.7318521885396971,0.6981317107962401,12.547567325657592,63.987066529799854,-44.405290781846766,0.2746834557041076,0.698131710790675,13.731165434837976,-3.345868571727943,5.023264725039998,0.2579878332268293,-0.6981317107762743,14.05617559439154,14.76416246427603,11.32505505895265,-0.37532826371798583,3.042772061535824e-06,14.692040100730228
4.9,24.259668388754438,-11.205689941899985,-0.6659193606547578,0.6981317107962953,12.484778543643259,65.28447004287783,-43.95420290411897,0.3346110661757614,0.6981317107905752,13.73585144495977,-1.9668395601953534,5.302061961554266,0.19948048732109963,-0.6981317107731101,14.06928894342759,16.13109138052451,10.7864775357734,-0.3753280545659635,3.1323850536502076e-06,14.692040057630306
5.0,25.285596031928744,-11.907088893866277,-0.5996839436997299,0.6981317107963418,12.427743233783739,66.55304453172965,-43.426041430108626,0.394514874819482,0.6981317107904544,13.741309167595467,-0.5726589761686522,5.49998915215661,0.14102429366581354,-0.6981317107691412,14.081600312666065,17.49802029879572,10.24790003756507,-0.37532803824819827,2.443845132363223e-07,14.692039984911695
5.1000000000000005,26.351494430654547,-12.53617381539253,-0.5331766696323005,0.6981317107963808,12.3769432207549,67.7882977042802,-42.82264125072508,0.45439163423204293,0.6981317107903112,13.747516782227544,0.8318414931123508,5.616287633407711,0.08261568482774798,-0.6981317107640705,14.093072429218063,18.864949064676686,9.709322179125884,-0.3753283043903639,-3.985903470149219e-06,14.692039887618755
5.2,27.45303637868119,-13.09078334980583,-0.4664314938527329,0.698131710796413,12.332827733023972,68.9858531750962,-42.146098758689014,0.5142382130764528,0.6981317107901437,13.75444964079516,2.2417938821086705,5.650487048839692,0.024250968403379376,-0.6981317107574497,14.10367093792358,20.231877540515754,9.170743616062357,-0.3753288229681388,-7.766529355022993e-06,14.692039772105403
5.300000000000001,28.58580109104022,-13.569021532070938,-0.3994853357473243,0.698131710796439,12.295802749483462,70.14146566444172,-41.3987645783049,0.5740516078335107,0.6981317107899496,13.76208052113404,3.6523111193243807,5.602406953860716,-0.03407366109632093,-0.6981317107485764,14.113364489078492,21.598805649213947,8.632164155466867,-0.37532948294329815,-9.884180709463944e-06,14.692039646435967
5.4,29.74528911964788,-13.969257929259504,-0.3323777248451092,0.6981317107964592,12.266220534944544,71.25103575477982,-40.58323540772674,0.633828953380412,0.6981317107897261,13.770379854734555,5.058504244026897,5.47215740182037,-0.09236211092132265,-0.6981317107362988,14.12212466227133,22.965733395914558,8.093583810526367,-0.3753301332844059,-9.73989539915595e-06,14.692039520284608
5.5,30.926935850929844,-14.290127000218094,-0.2651503577127766,0.698131710796474,12.244369964384338,72.31062384690293,-39.70234522273759,0.6935675487342905,0.69813171078947,13.779312185226443,6.455499736045446,5.260138502795416,-0.1506183740196622,-0.6981317107186208,14.129927169889783,24.332660871016667,7.555002807976023,-0.3753306174880452,-7.251721784596612e-06,14.692039404033947
5.6000000000000005,32.12612362966148,-14.530527094933314,-0.1978465768101398,0.6981317107964835,12.230468242051915,73.3164644654082,-38.759155018221406,0.7532648340941237,0.6981317107891772,13.788847347513679,7.838456339515204,4.967039009012087,-0.2088465314175887,-0.6981317106918307,14.136747434741284,25.699588232594504,7.016421543685388,-0.37533081156277714,-2.9065786193866937e-06,14.692039307307624
5.7,33.33819265057043,-14.689619480079731,-0.13051078614403058,0.6981317107964881,12.224654181034092,74.2649787652175,-37.756942639829305,0.8129184316886207,0.6981317107888426,13.798945714601086,9.20258231778105,4.59383385472587,-0.2670507318568788,-0.6981317106483618,14.142566145383665,27.066515668850304,6.477840487503979,-0.3753306611429107,2.2527774342991898e-06,14.692039239214123
5.800000000000001,34.5584509263223,-14.766827731600978,-0.06318782604827411,0.6981317107964877,12.226983984793222,75.15278722661314,-36.69919123676385,0.8725261405810083,0.6981317107884603,13.80956876521718,10.543152218341401,4.141780730666819,-0.3252351844773794,-0.6981317105707215,14.147366133877583,28.433443348143317,5.939260057147295,-0.37533020419377994,6.843541995166109e-06,14.692039206251938
5.9,35.78218369887855,-14.761837726362213,0.004077669319374092,0.6981317107964824,12.23742946365971,75.97672141140629,-35.589577186733266,0.932085944199692,0.6981317107880227,13.820676108266305,11.855523521567033,3.612415656276309,-0.3834041466227098,-0.698131710410258,14.151133592452856,29.80037137343278,5.400680503502802,-0.3753295626786332,9.607712355508216e-06,14.69203921151048
6.0,37.00466273918999,-14.674598348315833,0.07124190547792814,0.6981317107964721,12.25587905081759,76.7338349950623,-34.431957343990675,0.991596016735027,0.6981317107875206,13.832225702567955,13.135153032478225,3.007547562424812,-0.44156191012093093,-0.6981317099831819,14.153858470940852,31.167299757349248,4.862101848329213,-0.3753289042331423,9.86127119989917e-06,14.692039254525112
6.1000000000000005,38.22115598207524,-14.505322888379967,0.13826252698704072,0.6981317107964565,12.28214147175461,77.42141403622274,-33.230355650728946,1.0510547282849216,0.698131710786942,13.844174107156357,14.377612651034777,2.3292520373915138,-0.4997127997290249,-0.6981317079395307,14.155531509003,32.53422842608028,4.323523895044824,-0.3753283886916622,7.72105574665002e-06,14.692039331429788
6.2,39.426937900035526,-14.254490989127024,0.20509916060928615,0.6981317107964355,12.315951751134728,78.0369864449171,-31.988949157185804,1.1104606487916537,0.6981317107862721,13.85647672590998,15.599131408362217,1.6137857882764404,-0.5298522772779389,-0.410248100085821,14.15627079468857,33.90115724964521,3.784946306333549,-0.37532811919000253,4.036217156926231e-06,14.69203943554006
6.300000000000001,40.6173009391223,-13.922850878817526,0.2717138847648005,0.6981317107964088,12.356979111376594,78.57833061288024,-30.712053499827604,1.1698125508830781,0.6981317107854916,13.869088030465164,16.813058620878717,0.8854840419473683,-0.540386438966008,-0.15085934387873048,14.156421549932933,35.268086087812485,3.2463687212129546,-0.3753281132727804,8.862000321758362e-08,14.692039558235807
6.4,41.78756823873721,-13.511421562304445,0.3380716129387487,0.6981317107963758,12.404836294906774,79.04348317268268,-29.404107890163363,1.2291094117587513,0.6981317107845751,13.881961755208595,18.023741335665033,0.15179711797260492,-0.5448275628939002,-0.06400067158394851,14.156444250919472,36.63501483753817,2.70779087568936,-0.375328300242353,-2.8001672110185365e-06,14.692039689965968
6.5,42.93310774460275,-13.021494591862663,0.4041403840621386,0.698131710796336,12.459089837804834,79.43074585645823,-28.069659668740442,1.2883504142446467,0.6981317107834889,13.89505106828983,19.233017484099843,-0.5842066348623656,-0.5467421492813392,-0.027621661729796493,14.156448450654878,38.001943468880924,2.1692126938921708,-0.3753285427283047,-3.631613452033556e-06,14.69203982125107
6.6000000000000005,44.04934769752471,-12.454635034392238,0.4698915587234506,0.6981317107962887,12.519270707172787,79.73869142943902,-26.71334847934866,1.3475349470747877,0.6981317107821864,13.908308733946875,20.441684674935434,-1.3212101193004646,-0.5475690480621705,-0.01193210495391127,14.156449110833856,39.36887204008407,1.6306343260780343,-0.3753286755306404,-1.9889264142079348e-06,14.692039943616903
6.7,45.131793347405555,-11.81268128861454,0.5352999262180219,0.6981317107962327,12.584884571039872,79.966168677597,-25.339890117801286,1.4066626043672532,0.6981317107806027,13.921687287588107,21.650089584941536,-2.0586435366168847,-0.5479248014062104,-0.005133700116677279,14.156448959756208,40.735800687615075,1.0920561228533638,-0.37532855225841943,1.8461983461268838e-06,14.692040050411947
6.800000000000001,46.176044639655224,-11.097743475111876,0.6003437320906871,0.698131710796167,12.655421125118979,80.11230643185807,-23.95406010929205,1.4657331842040655,0.6981317107786439,13.935139237571931,22.85838209342356,-2.796261046430882,-0.5480771662945796,-0.002198717878229545,14.15644862540735,42.10272959291701,0.5534785501167041,-0.3753280886800336,6.942825773971063e-06,14.692040137449887
6.9,47.17781458346211,-10.31220019072961,0.6650046371081889,0.6981317107960899,12.73036241413781,80.1765166137275,-22.560677070128204,1.5247466862681676,0.6981317107761686,13.948617283749641,24.06662631367677,-3.5339575959707075,-0.5481425944674785,-0.0009441694940603342,14.15644833628197,43.469658933878186,0.014902065107708239,-0.3753272911657574,1.1944048268817848e-05,14.692040203405893
7.0,48.132948011336985,-9.458693472999371,0.7292676178581602,0.6981317107959994,12.80919038134205,80.15849628982701,-21.164585914267693,1.5837033086521015,0.6981317107729547,13.962074514718115,25.274849349628422,-4.271688816472113,-0.5481712956312453,-0.0004141758559670328,14.156448206759395,44.83658883418111,-0.5236730129511867,-0.37532626064109254,1.5433750543999925e-05,14.692040249904855
7.1000000000000005,49.03744041688195,-8.540121890446631,0.7931208199839422,0.698131710795893,12.891393500944558,80.05822872711622,-19.77064097012933,1.6426034441307622,0.6981317107686311,13.975464541190973,26.483062640594998,-5.009436010513141,-0.5481845132529134,-0.00019073860859793943,14.156448279083099,46.20351932577651,-1.0622465988361425,-0.3753251681756803,1.6361412195706924e-05,14.69204028127554
7.2,49.88745652358473,-7.559631774770614,0.8565553772833384,0.6981317107957671,12.976471972737848,79.87598344633538,-18.383689073599655,1.7014476761892998,0.6981317107625291,13.988741564751823,27.691271109234744,-5.747191149808855,-0.5481910785672974,-9.474162564929746e-05,14.156448527967207,47.57045033718719,-1.6008188715964398,-0.3753242069290682,1.4396201530052873e-05,14.692040303995723
7.300000000000001,50.67934826373483,-6.5206066842430275,0.9195652091091895,0.6981317107956169,13.063941468269835,79.6123152760734,-17.00855269600267,1.7602367748012904,0.6981317107533083,14.001860451382345,28.899476922736834,-6.48495070513891,-0.5481947183617406,-5.252452992427388e-05,14.156448881201852,48.93738171314693,-2.1393902250821055,-0.37532353383187594,1.0080704406259008e-05,14.69204032589895
7.4,51.40967192827106,-5.4266551952585695,0.9821468041013165,0.6981317107954361,13.15333613663441,79.26806241126923,-15.650013155586711,1.8189716915400453,0.6981317107378322,14.01477690796208,30.107680974559738,-7.222713219828211,-0.5481971510403045,-3.510508724967943e-05,14.156449268519523,50.30431326118945,-2.6779611498125844,-0.3753232193826184,4.70937938890667e-06,14.692040355235978
7.5,52.075204283580064,-4.281597144380214,1.044298996750304,0.6981317107952157,13.244211021591534,78.84434347989232,-14.312793961681663,1.8776535536358883,0.6981317107066454,14.027447755579894,31.315883484711772,-7.960478334159361,-0.5481992858590543,-3.0806782944533983e-05,14.156449658941247,51.67124481161978,-3.2165320806063074,-0.3753232226264714,-4.8581944107514514e-08,14.69204039967842
7.6000000000000005,52.672957444927256,-3.089448529051047,1.1060227455585956,0.6981317107949429,13.336143231578587,78.34255363285808,-13.001544376594923,1.9362836581428455,0.6981317106119231,14.039830928386468,32.52408430779634,-8.698246287315973,-0.5482016184026063,-3.366007768194855e-05,14.156450055034046,53.038176272222046,-3.7551032573009624,-0.3753234007583844,-2.6678098546245967e-06,14.692040465335308
7.7,53.20019237094794,-1.8544052635972832,1.1673209181097266,0.6981317107945977,13.428732385295,77.80703649913164,-11.702746080054668,1.9618758463493167,0.35129796197260305,14.0486854033053,33.73228314110469,-9.436017578095635,-0.5482043630994633,-3.9607711561649645e-05,14.156450467210664,54.40510766001475,-4.293674643483935,-0.37532355158540914,-2.2588756670723536e-06,14.692040555851694
7.800000000000001,53.65443091874236,-0.5808259169217028,1.2281980833296038,0.6981317107941495,13.521601275666137,77.34894250778319,-10.375901270201364,1.903233821781285,-0.6981317105913958,14.03697707608086,34.940479665207,-10.173792732786264,-0.5482075426785741,-4.588333895542985e-05,14.156450896079981,55.77203909918849,-4.8322459308566765,-0.3753234761929472,1.1291222219501073e-06,14.692040671682765
7.9,54.03346637436941,0.7267863546053239,1.288660315157395,0.6981317107935467,13.614395797355321,76.96980595893336,-9.02566448970116,1.84453989240635,-0.6981317107015022,14.024563758239763,36.14867362098855,-10.91157217609377,-0.5482110736939383,-5.095478806720953e-05,14.156451327058557,57.13897078502407,-5.370816629824662,-0.37532304203606026,6.502192270361055e-06,14.692040809662931
8.0,54.33537240606878,2.0638024353502136,1.3487150121722837,0.6981317107926969,13.706783912161427,76.67087129838751,-7.656737313910701,1.7857927685801374,-0.6981317107354849,14.01186477201842,37.35686483219456,-11.64935619196338,-0.5482148407799613,-5.436143872675015e-05,14.15645173377757,58.50590292478444,-5.909386218520296,-0.3753222256878979,1.2226116904317154e-05,14.69204096297551
8.1,54.55851047602316,3.425486376139509,1.4083707288944227,0.6981317107914142,13.798455539901662,76.45310312779719,-6.273886886731902,1.726991331437451,-0.6981317107519591,13.998922387351225,38.56505318701464,-12.38714495314357,-0.5482187531740299,-5.645832732026081e-05,14.156452086756389,59.87283567457021,-6.447954302182206,-0.37532112040507415,1.6553374892680026e-05,14.69204112156
8.200000000000001,54.70153570471273,4.807014837033239,1.467637020444211,0.6981317107892648,13.889122017971838,76.31718278102159,-4.881929258013526,1.6681346381729079,-0.6981317107616546,13.98577985246043,39.7732385967561,-13.124938590007552,-0.548222776818523,-5.806374266599211e-05,14.156452362470075,61.23976909304702,-6.98652072993267,-0.375319904939989,1.8203530270779043e-05,14.692041272908948
8.3,54.76340118708449,6.203496473037045,1.5265243102660004,0.6981317107849437,13.978513145556496,76.26350589142146,-3.485712507090229,1.6092219283409768,-0.6981317107680218,13.972481612211743,40.98142095388324,-13.86273726142818,-0.5482269358321875,-6.0017206574928026e-05,14.156452548654547,62.606703127701124,-7.525085629296816,-0.37531878333398244,1.679784076041168e-05,14.692041403163929
8.4,54.74336088447695,7.609991575485469,1.5850437611192196,0.6981317107718833,14.066378663110143,76.29218097161693,-2.0900997514526147,1.5502526294673848,-0.6981317107725098,13.959073120815118,42.18960011127543,-14.600541191024854,-0.548231283822131,-6.274425476696076e-05,14.156452644942734,63.97363763777531,-8.06364934798634,-0.3753179170396866,1.2974140293164213e-05,14.692041498445374
8.5,54.72236195434426,9.020849995927938,1.585679024747927,0.009137016957648144,14.110146836940121,76.40302901008617,-0.6999521153949723,1.4912263613702113,-0.6981317107758334,13.945600516539727,43.397775896448096,-15.338350645708616,-0.5482358562254908,-6.598268299779182e-05,14.15645266052987,65.34057244392098,-8.602212328294893,-0.3753173755808677,8.109210475276701e-06,14.692041546399498
8.6,54.78378814284495,10.421791785168264,1.526978039474058,-0.6981317107720326,14.022877998020196,76.59558408246328,0.6798882920772688,1.4321429396641454,-0.6981317107783857,13.932110414403509,44.60594815892574,-16.07616585933143,-0.5482406250092702,-6.881657693728777e-05,14.15645261099538,66.70750738456427,-9.140774964923137,-0.37531712438387527,3.7620763412493898e-06,14.692041537932766
8.700000000000001,54.92690709926562,11.807816060221937,1.4679023678747152,-0.6981317107850217,13.933938160925631,76.86909497604114,2.0446153421376403,1.373002378970175,-0.698131710780401,13.918649827020756,45.81411683063544,-16.813986934493805,-0.5482454807091809,-7.007083139426376e-05,14.156452515565217,68.07444235886486,-9.679337497309959,-0.375317049974228,1.1144037421576552e-06,14.692041468962294
8.8,55.150678723209644,13.17396860368105,1.4084410959163352,-0.698131710789318,13.84357797566202,77.22252782467504,3.389475734693631,1.3138048958888067,-0.6981317107820275,13.905266103024852,47.022281969735545,-17.551813771109735,-0.5482502546591552,-6.889112727374896e-05,14.156452395171073,69.44137734486564,-10.217899965303209,-0.37531700627703996,6.544356594348217e-07,14.692041341773711
8.9,55.453757608687674,14.515361549695925,1.3485841225806363,-0.6981317107914549,13.752061105307343,77.65456974610413,4.709785663377098,1.2545509114460789,-0.6981317107833634,13.892006801223078,48.230443778241664,-18.289646037607227,-0.548254754341689,-6.493327342143713e-05,14.156452271023193,70.80831239195871,-10.75646223013122,-0.3753168623776192,2.155123908852294e-06,14.692041165433178
9.0,55.83449698751674,15.82719361196867,1.2883222892203892,-0.6981317107927298,13.659669960134117,78.16363346758646,6.000947230004486,1.1952410526967514,-0.6981317107844763,13.878919495642005,49.43860266000566,-19.027483075751054,-0.5482587085145522,-5.70612223084266e-05,14.156452163031512,72.17524759490202,-11.295024041958655,-0.3753165366247014,4.878670047166776e-06,14.69204095489898
9.1,56.29095427122402,17.104770370350224,1.2276475284357358,-0.6981317107935745,13.566707874079633,78.74786292115178,7.258464546713628,1.1358761533355128,-0.6981317107854144,13.866051551312603,50.64675954241911,-19.76532337318032,-0.5482614095079744,-3.897704790257769e-05,14.156452087416913,73.54218306475839,-11.833585114718517,-0.3753160020060681,8.00676728642127e-06,14.692040729059768
9.200000000000001,56.820898247173815,18.34352438717222,1.1665530295967703,-0.6981317107941735,13.473500405752462,79.40513978681966,8.477959469070857,1.0764572533291625,-0.6981317107862127,13.853449908947772,51.85491693736264,-20.50316282488544,-0.5482607109566481,1.0080538677001932e-05,14.156452053564982,74.9091189190018,-12.372145151677968,-0.37531525016787454,1.1259976846007922e-05,14.692040508472093
9.3,57.42181792875438,19.539034883373436,1.1050334159849955,-0.6981317107946188,13.380395398635113,80.13309095960373,9.655186906127561,1.0169855976437838,-0.6981317107868976,13.841160892485863,53.06308159311205,-21.240990388960817,-0.5482508711704861,0.00014199435306438542,14.156452061554344,76.27605529939888,-12.910703799981565,-0.37531423950878934,1.5136232922592342e-05,14.692040313433878
9.4,58.09093310347932,20.6870469063875,1.0430849380693188,-0.6981317107949616,13.287764003142275,80.92909691306708,10.786049654167227,0.9574626341118802,-0.698131710787489,13.829230032264714,54.271270254639404,-21.978778650903717,-0.5482183392836436,0.0004694557229869084,14.156452102497902,77.64299237325477,-13.449260646924099,-0.37531292575635067,1.967553981435414e-05,14.692040162177259
9.5,58.82520655750153,21.78348975485443,0.9807056797935122,-0.6981317107952327,13.196001004986233,81.79030092849875,11.86661270128675,0.897890010423467,-0.6981317107880024,13.817701889228317,55.47952165796803,-22.716464169499172,-0.5481332997908039,0.0012271731986734414,14.156452161435798,79.00993023380163,-13.987815471572928,-0.3753114488341465,2.2119267541385455e-05,14.692040068515302
9.600000000000001,59.62135790580214,22.824494413101025,0.9178957733001389,-0.6981317107954514,13.105524285170665,82.71361915492356,12.893116951180701,0.8382695701819368,-0.6981317107884498,13.806619869825562,56.687922356880115,-23.453905112565053,-0.547930888853405,0.0029209099024771292,14.156452216711726,80.37686873633562,-14.526368658811062,-0.3753102517475521,1.7928282595436715e-05,14.692040039400643
9.700000000000001,60.475878975184905,23.806409843098557,0.8546576217645034,-0.6981317107956309,13.016774445638616,83.69575146166207,13.861992316842777,0.778603347958665,-0.6981317107888408,13.796026029717103,57.896665969258585,-24.190783849169424,-0.5474657065990758,0.006712774148209344,14.156452214183682,81.74380761510056,-15.064920900704251,-0.37530955922642284,1.0371609118900519e-05,14.692040074565826
9.8,61.385050628362514,24.725817924536855,0.7909961261986993,-0.6981317107957797,12.93021390061184,84.73319304225988,14.769870138019547,0.7188935633018921,-0.6981317107891833,13.78596087089314,59.106194775524294,-24.92637298114221,-0.5463991698320413,0.015389586605554645,14.156451901029431,83.11074736031048,-15.603470969395064,-0.37530796684071005,2.384851628913761e-05,14.692040169835984
9.9,62.34496083264751,25.579546797589817,0.726918907801492,-0.6981317107959046,12.84632472333912,85.8222467262343,15.613594879636459,0.6591426136869968,-0.6981317107894834,13.776463138972765,60.3175389325807,-25.65896839584037,-0.543926006907838,0.03567416230828272,14.15644979671323,84.47769151980704,-16.142009875259994,-0.37529979647662054,0.0001223642376836313,14.692040322268207
10.0,63.35152376791178,26.36468244177886,0.6624365192825812,-0.6981317107960101,12.765605831389133,86.95903595303233,16.390235071727105,0.5993530664222736,-0.6981317107897462,13.767569626243581,61.53312159912216,-26.384506834709878,-0.538110977005923,0.08371834573130077,14.156437565543854,85.84465645707586,-16.680496096139453,-0.37526124899489277,0.0005773099894360584,14.692040531523494
10.100000000000001,64.40049973800771,27.078578358535744,0.5975626378490245,-0.6981317107960996,12.68856952457935,88.13951836070126,17.097093454554763,0.5395276495415701,-0.698131710789976,13.7593149836378,62.758831438896905,-27.092788298638865,-0.5239765709186212,0.20120726398161473,14.156366919043979,87.21172559719503,-17.21871778462211,-0.3750677319279844,0.0028982188324890817,14.692040769815758
10.200000000000001,65.487515563541,27.718863223704865,0.5323142280732619,-0.6981317107961758,12.615736655163767,89.3594999399968,17.73171629569435,0.479669241724817,-0.6981317107901761,13.751731543033037,64.0235593539963,-27.728599396460247,-0.465825709552192,0.6981316811538083,14.155537613755586,88.57932175401089,-17.75559882615114,-0.37408725944442645,0.014683084683757836,14.692040365078027
10.3,66.60808508591042,28.28344643814972,0.46671166125631536,-0.6981317107962406,12.547630296179788,90.61464970303864,18.291901848941723,0.41978086129446757,-0.6981317107903494,13.744849150612962,65.32294388729984,-28.28975291423637,-0.4076676026830833,0.6981317093956423,14.153774888350279,89.94953395126102,-18.28576292266966,-0.3691809222773731,0.07334832071611508,14.692023123893692
10.4,67.75762942939929,28.770521609082824,0.40077877979731674,-0.6981317107962958,12.484768399080309,91.90051481424723,18.775707928087034,0.3598656543446005,-0.6981317107904984,13.738695012414547,66.65249009174201,-28.77431884004312,-0.34949793507543037,0.6981317102628561,14.150961968006056,91.33598973746021,-18.771666951576364,-0.337088885888097,0.448013514945553,14.691366078050594
10.5,68.93149668600348,29.178568076489526,0.3345428961805001,-0.6981317107963424,12.427655674705942,93.21253613020455,19.181458571814147,0.29992688207182494,-0.6981317107906247,13.733293554029094,68.00759577816942,-29.180637294284416,-0.29131241295524934,0.6981317105119631,14.147106091511928,92.74708599482993,-19.17902771383131,-0.2810429870027892,0.6981317100621036,14.68718978629934
10.600000000000001,70.1249806796,29.50635065900099,0.26803471535545637,-0.6981317107963814,12.376774476288087,94.54606409419824,19.507749779186103,0.23996790738904683,-0.6981317107907302,13.728666296335573,69.38356774550867,-29.507324497942015,-0.23310678090750958,0.6981317106190792,14.142218298191663,94.17797809278065,-19.506471043260103,-0.22496504983036858,0.6981317105892222,14.678798758635613
10.700000000000001,71.3333384859811,29.752917868760797,0.20128816991237397,-0.6981317107964136,12.332574658889596,95.89637493020646,19.75345429826027,0.17999218090074973,-0.6981317107908159,13.72483174590745,70.77563828542633,-29.75327775201245,-0.17487683316442706,0.6981317106751455,14.136312784083595,95.62373128654191,-19.752916002823454,-0.16883845957126722,0.69813171070035,14.666074510123956
10.8,72.55180647127364,29.917598930352927,0.1343401614874974,-0.6981317107964395,12.295462916173355,97.2586870793777,19.917725453384882,0.12000322627782192,-0.6981317107908831,13.72180529006845,72.17898193562458,-29.917679432905356,-0.11661842379753051,0.6981317107082192,14.129406616104538,97.07934984247464,-19.917583524335146,-0.11264656428059881,0.6981317107414517,14.649029909917097
10.9,73.77561473816995,30.0,0.06723020772637124,-0.6981317107964599,12.265792311965662,98.62817781903196,20.0,0.06000462496602998,-0.6981317107909324,13.719599072201415,73.58873246007252,-30.0,-0.0583274773579828,0.6981317107293812,14.121519808250188,98.53979446969824,-20.0,-0.05637266383237354,0.6981317107610753,14.62768260746488
11.0,75.0,30.0,-2.154257967090957e-33,-0.6981317107964746,12.243852618300439,100.0,20.0,4.9314339005696606e-34,-0.6981317107909643,13.71822180968041,75.0,-30.0,-1.0511424709911723e-30,0.6981317107437456,14.112675399274817,100.0,-20.0,5.613935324611887e-32,0.6981317107719499,14.602055303017597
